"Id","Event Name","Client Name","FP No.","Bill No.","Event Date","Charged Amount","S. Tax","Tot. Amount","Rec. Amount","Payment Status","Event Status",
"105","test url","divyesh","","","2016-05-24 17:07:44","25500","3187.5","28687","5000","Unpaid","new",
"104","Divyesh test","surat","","","2016-05-23 16:30:07","25000","3125","28125","5000","Unpaid","new",
"103","test","","","","0000-00-00 00:00:00","2000","250","2250","1000","Unpaid","new",
"102","taxtchek","","","","0000-00-00 00:00:00","23000","2875","25875","4000","Unpaid","new",
"101","test tax rate","","","","0000-00-00 00:00:00","25000","3125","28125","5000","Unpaid","new",
"100","marriage","Mishu","xyz1234","abc1234","2016-05-21 17:42:47","14500","1812.5","16312","5000","Unpaid","new",
"99","Testing No","divyesh","xyz123","abc123","2016-05-21 10:49:15","12000","","","2000","Unpaid","new",
"95","testEnq","Rana Dc","","","2016-05-13 11:43:05","35000","","","","Unpaid","new",
"94","as Enquiry","Rana Divyesh","","","2016-05-13 09:49:33","25000","","","","Unpaid","new",
"93","marriage","Divyesh","","","2016-04-30 18:29:34","1000000","","","630000","Unpaid","new",
"92","Presentation","Jay","","","2016-04-01 17:53:01","257655","","","230000","Unpaid","new",
"91","teting","Hi i m Divyesh","","","2016-04-28 11:07:15","50000","","","50000","paid","new",
"90","Ring Ceremoney","Raju bhai","","","2016-04-26 10:30:45","100000","","","30000","Unpaid","new",
"89","Computer Row material","Manisha patel","","","2016-04-23 11:56:21","45000","","","5000","Unpaid","new",
"87","test_paid_amt","hjh","","","2016-04-21 16:21:59","25000","","","25000","paid","new",
"86","test payment stat","kjj","","","2016-05-05 17:35:10","25000","","","25000","paid","completed",
"85","testing status","kjk","","","2016-04-21 17:31:43","15000","","","15000","Paid","upcoming",
"84","testing date","jh","","","2016-04-21 17:07:37","15000","","","5000","","completed",
